matrix,threads,schedule,chunk,L1_dcache_loads,L1_dcache_load_misses,LLC_loads,LLC_misses,time_ms
twotone,1,static,100,737761110,2476215,16873,6145,
twotone,1,static,100,737761108,2504670,15910,2717,
twotone,1,static,100,737761109,2475263,16362,2724,
twotone,1,static,100,737761108,2456959,15989,2131,
twotone,1,static,100,737761107,2502592,16062,2528,
twotone,2,static,100,737761108,2469259,15865,2279,
twotone,2,static,100,737761109,2470570,16187,2489,
twotone,2,static,100,737761109,2453661,16195,2745,
twotone,2,static,100,737761109,2465636,16079,2666,
twotone,2,static,100,737761109,2466848,15915,2722,
twotone,2,static,1000,737761110,2476729,16187,3059,
twotone,2,static,1000,737761110,2483730,15747,2512,
twotone,2,static,1000,737761110,2461278,15959,2656,
twotone,2,static,1000,737761108,2476561,16204,2497,
twotone,2,static,1000,737761110,2490434,15838,2458,
twotone,2,static,10000,737761111,2486938,15780,2657,
twotone,2,static,10000,737761111,2458878,15949,2456,
twotone,2,static,10000,737761110,2468666,16104,2483,
twotone,2,static,10000,737761110,2477852,15482,2413,
twotone,2,static,10000,737761111,2472440,15854,2350,
twotone,2,dynamic,100,737761430,2478391,16112,2449,
twotone,2,dynamic,100,737761430,2486824,16063,2574,
twotone,2,dynamic,100,737761430,2477617,16073,2593,
twotone,2,dynamic,100,737761429,2487155,16478,2630,
twotone,2,dynamic,100,737761430,2471590,15733,2455,
twotone,2,dynamic,1000,737761431,2480803,16554,3002,
twotone,2,dynamic,1000,737761431,2470228,15847,2480,
twotone,2,dynamic,1000,737761431,2484654,16345,2854,
twotone,2,dynamic,1000,737761431,2476465,15972,2713,
twotone,2,dynamic,1000,737761429,2488089,15887,2614,
twotone,2,dynamic,10000,737761432,2477802,16387,2449,
twotone,2,dynamic,10000,737761432,2464003,15556,2268,
twotone,2,dynamic,10000,737761432,2454798,16168,2372,
twotone,2,dynamic,10000,737761432,2454998,16370,2482,
twotone,2,dynamic,10000,737761432,2472326,16150,2419,
twotone,2,guided,100,737761433,2460843,16159,2531,
twotone,2,guided,100,737761433,2460479,16102,2505,
twotone,2,guided,100,737761433,2467818,15928,2368,
twotone,2,guided,100,737761432,2453600,16146,2162,
twotone,2,guided,100,737761433,2465850,15776,2301,
twotone,2,guided,1000,737761434,2475648,15979,2274,
twotone,2,guided,1000,737761434,2458382,15827,2498,
twotone,2,guided,1000,737761433,2450657,16451,2658,
twotone,2,guided,1000,737761434,2458110,16195,2700,
twotone,2,guided,1000,737761435,2483191,15705,2447,
twotone,2,guided,10000,737761435,2449822,15563,2602,
twotone,2,guided,10000,737761435,2467809,16405,2845,
twotone,2,guided,10000,737761435,2503167,16313,2684,
twotone,2,guided,10000,737761435,2475976,16276,2659,
twotone,2,guided,10000,737761433,2470455,15725,2480,
twotone,4,static,100,737761108,2475499,16114,2611,
twotone,4,static,100,737761109,2481852,16069,2459,
twotone,4,static,100,737761109,2477382,16267,2202,
twotone,4,static,100,737761109,2464605,15983,2188,
twotone,4,static,100,737761108,2471023,16072,2317,
twotone,4,static,1000,737761110,2455496,15673,2058,
twotone,4,static,1000,737761109,2469595,16314,3021,
twotone,4,static,1000,737761110,2467987,16184,2763,
twotone,4,static,1000,737761110,2474331,16201,2624,
twotone,4,static,1000,737761109,2463779,15695,2529,
twotone,4,static,10000,737761111,2464973,15789,2563,
twotone,4,static,10000,737761111,2508492,16258,2659,
twotone,4,static,10000,737761112,2475293,16244,2657,
twotone,4,static,10000,737761110,2462128,16173,2652,
twotone,4,static,10000,737761111,2493498,16408,2713,
twotone,4,dynamic,100,737761430,2468761,16362,2527,
twotone,4,dynamic,100,737761430,2468150,15960,2356,
twotone,4,dynamic,100,737761430,2543359,15632,2122,
twotone,4,dynamic,100,737761429,2451590,15822,2425,
twotone,4,dynamic,100,737761430,2482112,15737,2843,
twotone,4,dynamic,1000,737761431,2497168,16331,2668,
twotone,4,dynamic,1000,737761431,2454348,16569,2492,
twotone,4,dynamic,1000,737761431,2474718,16103,2479,
twotone,4,dynamic,1000,737761431,2484555,16078,2303,
twotone,4,dynamic,1000,737761431,2473207,16146,2316,
twotone,4,dynamic,10000,737761432,2460062,15981,2355,
twotone,4,dynamic,10000,737761432,2456075,16179,2559,
twotone,4,dynamic,10000,737761432,2471482,16225,2551,
twotone,4,dynamic,10000,737761432,2455469,16230,2623,
twotone,4,dynamic,10000,737761432,2466016,15825,2638,
twotone,4,guided,100,737761433,2468593,16214,2892,
twotone,4,guided,100,737761433,2468321,15881,2411,
twotone,4,guided,100,737761433,2471628,16026,2718,
twotone,4,guided,100,737761433,2457724,16483,3062,
twotone,4,guided,100,737761433,2468470,16113,2749,
twotone,4,guided,1000,737761434,2455208,15480,2686,
twotone,4,guided,1000,737761434,2466535,16119,2262,
twotone,4,guided,1000,737761434,2463752,16297,2367,
twotone,4,guided,1000,737761434,2461808,16276,2718,
twotone,4,guided,1000,737761434,2465873,16296,2571,
twotone,4,guided,10000,737761435,2466861,16016,2467,
twotone,4,guided,10000,737761433,2473509,16262,2542,
twotone,4,guided,10000,737761435,2465892,15548,2524,
twotone,4,guided,10000,737761435,2467200,16139,2483,
twotone,4,guided,10000,737761436,2472189,16230,2333,
twotone,8,static,100,737761108,2470031,15648,2309,
twotone,8,static,100,737761109,2460600,16012,2678,
twotone,8,static,100,737761109,2450832,15892,2200,
twotone,8,static,100,737761109,2474646,16158,2926,
twotone,8,static,100,737761109,2458503,15658,2612,
twotone,8,static,1000,737761108,2467686,16174,2680,
twotone,8,static,1000,737761109,2464403,15880,1970,
twotone,8,static,1000,737761109,2456847,16150,2229,
twotone,8,static,1000,737761109,2484506,16196,2237,
twotone,8,static,1000,737761110,2506313,16181,2417,
twotone,8,static,10000,737761111,2473076,16181,2245,
twotone,8,static,10000,737761111,2456340,15799,2332,
twotone,8,static,10000,737761111,2497978,16309,2688,
twotone,8,static,10000,737761109,2457823,16283,2574,
twotone,8,static,10000,737761111,2471482,16285,2878,
twotone,8,dynamic,100,737761430,2475242,15830,2380,
twotone,8,dynamic,100,737761429,2470338,16385,2788,
twotone,8,dynamic,100,737761430,2464941,15926,2559,
twotone,8,dynamic,100,737761430,2477434,16165,2685,
twotone,8,dynamic,100,737761430,2470409,15826,2432,
twotone,8,dynamic,1000,737761431,2474525,15894,2557,
twotone,8,dynamic,1000,737761430,2462601,15882,2229,
twotone,8,dynamic,1000,737761431,2482052,16011,2533,
twotone,8,dynamic,1000,737761431,2462499,15842,2184,
twotone,8,dynamic,1000,737761431,2473175,16231,2620,
twotone,8,dynamic,10000,737761432,2563198,15903,2291,
twotone,8,dynamic,10000,737761433,2480205,16133,2861,
twotone,8,dynamic,10000,737761433,2454637,15764,2677,
twotone,8,dynamic,10000,737761432,2480208,16120,2884,
twotone,8,dynamic,10000,737761432,2478988,15911,2931,
twotone,8,guided,100,737761433,2461915,15926,2499,
twotone,8,guided,100,737761433,2472831,16019,2730,
twotone,8,guided,100,737761433,2470377,15981,2650,
twotone,8,guided,100,737761432,2456313,16176,2385,
twotone,8,guided,100,737761431,2473907,15966,2602,
twotone,8,guided,1000,737761434,2462165,16168,2531,
twotone,8,guided,1000,737761434,2474016,15919,2373,
twotone,8,guided,1000,737761434,2469622,16197,2223,
twotone,8,guided,1000,737761434,2470040,16184,2326,
twotone,8,guided,1000,737761434,2471527,15859,2162,
twotone,8,guided,10000,737761434,2472917,15950,2617,
twotone,8,guided,10000,737761435,2466621,15941,2432,
twotone,8,guided,10000,737761434,2468825,16075,2930,
twotone,8,guided,10000,737761436,2474082,16038,2505,
twotone,8,guided,10000,737761435,2483423,16360,2693,
twotone,16,static,100,737761110,2472988,15628,2496,
twotone,16,static,100,737761110,2458200,15717,2569,
twotone,16,static,100,737761110,2471168,15662,2494,
twotone,16,static,100,737761109,2478173,16040,2606,
twotone,16,static,100,737761110,2447801,15960,2626,
twotone,16,static,1000,737761111,2470454,15987,2664,
twotone,16,static,1000,737761111,2479362,16287,2551,
twotone,16,static,1000,737761111,2500955,16166,2492,
twotone,16,static,1000,737761111,2468288,16245,2358,
twotone,16,static,1000,737761111,2469456,16389,2645,
twotone,16,static,10000,737761112,2477076,16197,2469,
twotone,16,static,10000,737761112,2475705,16341,2733,
twotone,16,static,10000,737761112,2472513,15918,2503,
twotone,16,static,10000,737761112,2473878,16416,2685,
twotone,16,static,10000,737761112,2466473,16120,2604,
twotone,16,dynamic,100,737761431,2486078,15810,2540,
twotone,16,dynamic,100,737761430,2471608,16426,2806,
twotone,16,dynamic,100,737761431,2472466,16165,2614,
twotone,16,dynamic,100,737761431,2472185,16101,2376,
twotone,16,dynamic,100,737761429,2474953,15682,3007,
twotone,16,dynamic,1000,737761432,2471354,16326,2666,
twotone,16,dynamic,1000,737761432,2469560,15938,2398,
twotone,16,dynamic,1000,737761432,2454029,16346,2591,
twotone,16,dynamic,1000,737761431,2490005,16164,2587,
twotone,16,dynamic,1000,737761431,2462159,16001,2247,
twotone,16,dynamic,10000,737761433,2475664,16062,2869,
twotone,16,dynamic,10000,737761433,2457769,16125,2835,
twotone,16,dynamic,10000,737761433,2497959,16002,2646,
twotone,16,dynamic,10000,737761433,2460183,15907,2686,
twotone,16,dynamic,10000,737761433,2469254,16176,2825,
twotone,16,guided,100,737761434,2469351,15991,2948,
twotone,16,guided,100,737761434,2469122,15780,2324,
twotone,16,guided,100,737761434,2465026,16156,3003,
twotone,16,guided,100,737761434,2467431,16147,2509,
twotone,16,guided,100,737761434,2474654,15932,2584,
twotone,16,guided,1000,737761435,2466208,15942,2549,
twotone,16,guided,1000,737761435,2479250,16281,2541,
twotone,16,guided,1000,737761434,2472253,16089,2257,
twotone,16,guided,1000,737761435,2464896,15441,2196,
twotone,16,guided,1000,737761436,2468995,15869,2447,
twotone,16,guided,10000,737761435,2468733,15962,2183,
twotone,16,guided,10000,737761436,2465200,16063,2593,
twotone,16,guided,10000,737761436,2473242,16036,2572,
twotone,16,guided,10000,737761437,2492919,16376,2977,
twotone,16,guided,10000,737761435,2475566,15756,2736,
twotone,32,static,100,737761109,2518370,16062,2504,
twotone,32,static,100,737761109,2468143,15865,2627,
twotone,32,static,100,737761110,2469400,15612,2375,
twotone,32,static,100,737761110,2470114,16142,3116,
twotone,32,static,100,737761110,2471204,15907,2300,
twotone,32,static,1000,737761111,2468252,16049,2289,
twotone,32,static,1000,737761111,2471040,16467,2512,
twotone,32,static,1000,737761110,2472075,16142,2327,
twotone,32,static,1000,737761110,2476583,15652,2442,
twotone,32,static,1000,737761110,2447591,15974,2417,
twotone,32,static,10000,737761112,2454970,16041,2175,
twotone,32,static,10000,737761112,2451652,16126,2568,
twotone,32,static,10000,737761112,2464941,15981,2446,
twotone,32,static,10000,737761112,2487870,16026,2796,
twotone,32,static,10000,737761111,2469712,16327,2614,
twotone,32,dynamic,100,737761431,2469585,16208,2627,
twotone,32,dynamic,100,737761431,2482257,16053,2618,
twotone,32,dynamic,100,737761430,2463345,15842,2529,
twotone,32,dynamic,100,737761430,2497194,16131,2684,
twotone,32,dynamic,100,737761431,2457829,15978,2411,
twotone,32,dynamic,1000,737761432,2467855,15918,2560,
twotone,32,dynamic,1000,737761432,2511112,15911,2177,
twotone,32,dynamic,1000,737761432,2479588,16186,2382,
twotone,32,dynamic,1000,737761432,2468949,15579,2444,
twotone,32,dynamic,1000,737761432,2461253,15693,2361,
twotone,32,dynamic,10000,737761433,2493368,15984,2113,
twotone,32,dynamic,10000,737761433,2470895,16366,2641,
twotone,32,dynamic,10000,737761434,2482806,16130,2612,
twotone,32,dynamic,10000,737761433,2471094,15974,2558,
twotone,32,dynamic,10000,737761432,2488114,15911,2771,
twotone,32,guided,100,737761434,2456486,15992,2713,
twotone,32,guided,100,737761433,2486498,15925,2494,
twotone,32,guided,100,737761434,2462377,16141,2862,
twotone,32,guided,100,737761433,2470460,16009,2347,
twotone,32,guided,100,737761434,2467572,16128,2698,
twotone,32,guided,1000,737761435,2470123,15874,2389,
twotone,32,guided,1000,737761435,2475534,15887,2569,
twotone,32,guided,1000,737761435,2486758,16089,2166,
twotone,32,guided,1000,737761435,2461991,15982,2433,
twotone,32,guided,1000,737761435,2489139,15992,2300,
twotone,32,guided,10000,737761436,2488546,16308,2376,
twotone,32,guided,10000,737761436,2489628,16049,2588,
twotone,32,guided,10000,737761436,2473143,15719,2471,
twotone,32,guided,10000,737761436,2516802,16253,2668,
twotone,32,guided,10000,737761436,2490151,15933,2486,
twotone,64,static,100,737761109,2480696,15945,2692,
twotone,64,static,100,737761109,2471563,16132,2912,
twotone,64,static,100,737761109,2466939,15998,2719,
twotone,64,static,100,737761110,2470929,15967,2652,
twotone,64,static,100,737761110,2471496,16165,2963,
twotone,64,static,1000,737761110,2481243,16078,2778,
twotone,64,static,1000,737761110,2466827,15899,2480,
twotone,64,static,1000,737761110,2452274,16382,2318,
twotone,64,static,1000,737761111,2474233,15956,2312,
twotone,64,static,1000,737761111,2468553,15652,2910,
twotone,64,static,10000,737761112,2491682,16279,2262,
twotone,64,static,10000,737761111,2512819,16167,2728,
twotone,64,static,10000,737761112,2465663,16142,2712,
twotone,64,static,10000,737761112,2469601,16148,2583,
twotone,64,static,10000,737761112,2457229,16183,2814,
twotone,64,dynamic,100,737761431,2477225,16240,2648,
twotone,64,dynamic,100,737761430,2466614,15627,2550,
twotone,64,dynamic,100,737761430,2467301,16241,2727,
twotone,64,dynamic,100,737761431,2466118,15787,2440,
twotone,64,dynamic,100,737761431,2472034,15960,2708,
twotone,64,dynamic,1000,737761431,2469212,16369,2672,
twotone,64,dynamic,1000,737761432,2497164,15565,2055,
twotone,64,dynamic,1000,737761432,2470972,16147,2608,
twotone,64,dynamic,1000,737761432,2475958,16059,2068,
twotone,64,dynamic,1000,737761432,2493228,16245,2509,
twotone,64,dynamic,10000,737761433,2458527,15896,2321,
twotone,64,dynamic,10000,737761433,2481736,15774,2467,
twotone,64,dynamic,10000,737761433,2484282,16159,2758,
twotone,64,dynamic,10000,737761433,2471278,15855,2591,
twotone,64,dynamic,10000,737761433,2483172,15972,2741,
twotone,64,guided,100,737761434,2531930,16147,3060,
twotone,64,guided,100,737761434,2476755,15820,2591,
twotone,64,guided,100,737761434,2467607,16419,2623,
twotone,64,guided,100,737761435,2473680,16344,2447,
twotone,64,guided,100,737761434,2455344,15941,2326,
twotone,64,guided,1000,737761434,2452662,16055,2336,
twotone,64,guided,1000,737761437,2471876,16182,2454,
twotone,64,guided,1000,737761435,2501253,15646,2338,
twotone,64,guided,1000,737761436,2451841,16180,2126,
twotone,64,guided,1000,737761434,2475563,15872,2152,
twotone,64,guided,10000,737761435,2487081,15896,2123,
twotone,64,guided,10000,737761434,2456082,16178,2463,
twotone,64,guided,10000,737761436,2448731,16250,2523,
twotone,64,guided,10000,737761436,2460874,16174,2628,
twotone,64,guided,10000,737761436,2475337,15736,2641,
Transport,1,static,100,17520237642,40890247,87545,23771,
Transport,1,static,100,17520237641,40323778,79329,24666,
Transport,1,static,100,17520237640,40374444,78133,23914,
Transport,1,static,100,17520237641,40217511,78780,24045,
Transport,1,static,100,17520237638,41395478,77461,23641,
Transport,2,static,100,17520237641,41029378,78826,24289,
Transport,2,static,100,17520237641,41327358,79062,23917,
Transport,2,static,100,17520237638,39944993,80426,23790,
Transport,2,static,100,17520237639,40781459,78260,24511,
Transport,2,static,100,17520237638,40248240,77871,23866,
Transport,2,static,1000,17520237634,42037355,80621,24380,
Transport,2,static,1000,17520237634,40330075,80793,24994,
Transport,2,static,1000,17520237632,41381331,75907,24689,
Transport,2,static,1000,17520237635,39992866,79164,24494,
Transport,2,static,1000,17520237633,40934961,80439,24751,
Transport,2,static,10000,17520237644,40238505,79089,24038,
Transport,2,static,10000,17520237642,40575844,75971,23512,
Transport,2,static,10000,17520237641,40322195,80307,23983,
Transport,2,static,10000,17520237644,41027757,78510,24008,
Transport,2,static,10000,17520237644,40999291,79521,24059,
Transport,2,dynamic,100,17520237962,40471981,79554,24274,
Transport,2,dynamic,100,17520237963,40686068,81953,24472,
Transport,2,dynamic,100,17520237963,40369861,79585,23814,
Transport,2,dynamic,100,17520237963,41221993,78928,23905,
Transport,2,dynamic,100,17520237963,40636284,79031,23785,
Transport,2,dynamic,1000,17520237956,44601119,80478,24166,
Transport,2,dynamic,1000,17520237955,41346220,80767,24732,
Transport,2,dynamic,1000,17520237956,41081875,79959,24648,
Transport,2,dynamic,1000,17520237957,41771926,80115,24455,
Transport,2,dynamic,1000,17520237956,40741268,75480,24629,
Transport,2,dynamic,10000,17520237965,40563823,80601,24135,
Transport,2,dynamic,10000,17520237962,39868143,79410,23922,
Transport,2,dynamic,10000,17520237964,40655369,80608,24430,
Transport,2,dynamic,10000,17520237963,40471378,74821,23619,
Transport,2,dynamic,10000,17520237962,40827572,77296,23953,
Transport,2,guided,100,17520237960,40751416,81707,24358,
Transport,2,guided,100,17520237966,40665078,79635,23933,
Transport,2,guided,100,17520237963,40354641,79744,24615,
Transport,2,guided,100,17520237963,41330394,80424,24265,
Transport,2,guided,100,17520237964,41629623,76859,24118,
Transport,2,guided,1000,17520237958,41120427,76910,24544,
Transport,2,guided,1000,17520237957,40169217,78752,24495,
Transport,2,guided,1000,17520237958,40566745,80727,24789,
Transport,2,guided,1000,17520237957,40365531,77343,24772,
Transport,2,guided,1000,17520237956,40551890,78228,24439,
Transport,2,guided,10000,17520237968,40461785,80602,23883,
Transport,2,guided,10000,17520237966,40354708,77252,24029,
Transport,2,guided,10000,17520237967,39841968,80643,24633,
Transport,2,guided,10000,17520237968,40667952,78957,23974,
Transport,2,guided,10000,17520237968,40143134,75492,23781,
Transport,4,static,100,17520237640,41078416,80086,24509,
Transport,4,static,100,17520237640,40357680,78713,24492,
Transport,4,static,100,17520237638,40133820,77695,23931,
Transport,4,static,100,17520237640,40775110,76806,24369,
Transport,4,static,100,17520237635,41028442,79658,24415,
Transport,4,static,1000,17520237636,40739758,78354,24081,
Transport,4,static,1000,17520237636,41479655,80341,24545,
Transport,4,static,1000,17520237634,40399314,81289,24614,
Transport,4,static,1000,17520237635,40935731,78595,24398,
Transport,4,static,1000,17520237630,41141677,79012,24785,
Transport,4,static,10000,17520237644,40566678,78592,23814,
Transport,4,static,10000,17520237643,41431928,77840,24169,
Transport,4,static,10000,17520237643,41604966,76506,23693,
Transport,4,static,10000,17520237643,41407666,77537,23951,
Transport,4,static,10000,17520237642,41044231,79140,23801,
Transport,4,dynamic,100,17520237962,40577170,82759,24212,
Transport,4,dynamic,100,17520237960,40302884,77141,24155,
Transport,4,dynamic,100,17520237963,40315340,80560,24088,
Transport,4,dynamic,100,17520237960,40507113,80085,24526,
Transport,4,dynamic,100,17520237959,40762997,82301,24064,
Transport,4,dynamic,1000,17520237957,42045792,77808,24205,
Transport,4,dynamic,1000,17520237956,41535139,82991,25167,
Transport,4,dynamic,1000,17520237953,40427856,81563,25009,
Transport,4,dynamic,1000,17520237955,41328500,77518,24585,
Transport,4,dynamic,1000,17520237956,41095742,80484,24477,
Transport,4,dynamic,10000,17520237962,40666956,80396,24022,
Transport,4,dynamic,10000,17520237963,41174192,78096,23959,
Transport,4,dynamic,10000,17520237964,41246051,77822,23379,
Transport,4,dynamic,10000,17520237963,42452918,78033,23960,
Transport,4,dynamic,10000,17520237962,40500065,79779,23828,
Transport,4,guided,100,17520237966,40802207,78419,24206,
Transport,4,guided,100,17520237964,40386100,76781,24076,
Transport,4,guided,100,17520237966,40916885,78882,24072,
Transport,4,guided,100,17520237963,40988143,80745,24739,
Transport,4,guided,100,17520237963,40596680,79794,24091,
Transport,4,guided,1000,17520237957,40793429,76892,23945,
Transport,4,guided,1000,17520237968,40233625,77676,24221,
Transport,4,guided,1000,17520237958,41263444,81260,24470,
Transport,4,guided,1000,17520237956,40629261,78438,24850,
Transport,4,guided,1000,17520237957,41253094,78805,24571,
Transport,4,guided,10000,17520237906,39948249,80060,23990,
Transport,4,guided,10000,17520237967,40590343,76781,23622,
Transport,4,guided,10000,17520237966,39928225,80601,24289,
Transport,4,guided,10000,17520237966,40917887,76931,23887,
Transport,4,guided,10000,17520237965,40670352,77462,23883,
Transport,8,static,100,17520237640,41142426,77436,23952,
Transport,8,static,100,17520237637,40615442,79408,24245,
Transport,8,static,100,17520237638,41333514,80318,23957,
Transport,8,static,100,17520237638,41176105,79255,24041,
Transport,8,static,100,17520237640,41561709,80342,24016,
Transport,8,static,1000,17520237631,40742786,77507,23746,
Transport,8,static,1000,17520237632,41134711,79372,24887,
Transport,8,static,1000,17520237636,40945249,78672,24983,
Transport,8,static,1000,17520237634,40690634,78486,24659,
Transport,8,static,1000,17520237635,40636809,79250,24690,
Transport,8,static,10000,17520237643,40801973,80670,24130,
Transport,8,static,10000,17520237642,40626379,74047,23527,
Transport,8,static,10000,17520237640,40549416,78510,24099,
Transport,8,static,10000,17520237644,41769574,80220,24387,
Transport,8,static,10000,17520237640,40734258,78964,24210,
Transport,8,dynamic,100,17520237963,40538848,80897,24321,
Transport,8,dynamic,100,17520237962,40959438,75438,23882,
Transport,8,dynamic,100,17520237963,40862485,79549,24146,
Transport,8,dynamic,100,17520237962,40438446,78267,23578,
Transport,8,dynamic,100,17520237962,41139892,81119,24270,
Transport,8,dynamic,1000,17520237955,40204301,78948,24569,
Transport,8,dynamic,1000,17520237957,40473560,75422,24858,
Transport,8,dynamic,1000,17520237956,40873041,79034,24794,
Transport,8,dynamic,1000,17520237956,41085424,76860,24531,
Transport,8,dynamic,1000,17520237954,40441481,76674,24673,
Transport,8,dynamic,10000,17520237965,41089720,78360,24044,
Transport,8,dynamic,10000,17520237965,40251471,78485,23919,
Transport,8,dynamic,10000,17520237965,40267895,79217,23859,
Transport,8,dynamic,10000,17520237963,40471773,79309,24078,
Transport,8,dynamic,10000,17520237962,40289219,78224,23956,
Transport,8,guided,100,17520237964,40196981,81016,24313,
Transport,8,guided,100,17520237962,40791807,77470,24383,
Transport,8,guided,100,17520237963,41228851,78420,23990,
Transport,8,guided,100,17520237964,41111226,79929,24065,
Transport,8,guided,100,17520237966,40159862,79955,24202,
Transport,8,guided,1000,17520237957,42134311,80049,24391,
Transport,8,guided,1000,17520237958,40028317,81874,24841,
Transport,8,guided,1000,17520237957,40614911,78046,24787,
Transport,8,guided,1000,17520237959,40767223,79941,24424,
Transport,8,guided,1000,17520237956,41131253,78924,25096,
Transport,8,guided,10000,17520237968,41586241,75822,24095,
Transport,8,guided,10000,17520237967,40822700,78090,24151,
Transport,8,guided,10000,17520237968,40151650,77739,23559,
Transport,8,guided,10000,17520237968,40995798,77863,23959,
Transport,8,guided,10000,17520237964,40763025,77589,24446,
Transport,16,static,100,17520237641,40413917,76742,24085,
Transport,16,static,100,17520237640,41641052,80575,24729,
Transport,16,static,100,17520237641,40482303,79028,23889,
Transport,16,static,100,17520237641,40684823,79796,24252,
Transport,16,static,100,17520237641,41020890,79603,23765,
Transport,16,static,1000,17520237635,40269009,76206,23784,
Transport,16,static,1000,17520237633,42788634,78564,24894,
Transport,16,static,1000,17520237632,40195780,79334,24673,
Transport,16,static,1000,17520237635,40267688,79987,25104,
Transport,16,static,1000,17520237634,41376947,80156,24895,
Transport,16,static,10000,17520237642,40167825,79785,23472,
Transport,16,static,10000,17520237645,40270997,78958,24034,
Transport,16,static,10000,17520237644,40438904,78567,23751,
Transport,16,static,10000,17520237643,40108651,79991,24026,
Transport,16,static,10000,17520237643,40377701,79622,23687,
Transport,16,dynamic,100,17520237960,40153863,78821,23946,
Transport,16,dynamic,100,17520237960,40857937,79117,24016,
Transport,16,dynamic,100,17520237963,40385507,72922,23827,
Transport,16,dynamic,100,17520237963,40474885,79285,24048,
Transport,16,dynamic,100,17520237963,40497461,78976,23885,
Transport,16,dynamic,1000,17520237954,40402182,79834,24668,
Transport,16,dynamic,1000,17520237956,39903958,79154,24396,
Transport,16,dynamic,1000,17520237956,40386732,82173,24825,
Transport,16,dynamic,1000,17520237958,40493404,77391,24718,
Transport,16,dynamic,1000,17520237958,40475719,78373,24743,
Transport,16,dynamic,10000,17520237965,40462104,78561,24302,
Transport,16,dynamic,10000,17520237966,40521142,77963,23991,
Transport,16,dynamic,10000,17520237965,41412691,79736,24065,
Transport,16,dynamic,10000,17520237962,40543613,79794,24580,
Transport,16,dynamic,10000,17520237966,40998099,76528,23862,
Transport,16,guided,100,17520237964,40236131,77675,24251,
Transport,16,guided,100,17520237966,41055616,79102,24110,
Transport,16,guided,100,17520237967,40535758,78598,24097,
Transport,16,guided,100,17520237966,40636703,78874,24141,
Transport,16,guided,100,17520237966,39811513,78146,23777,
Transport,16,guided,1000,17520237960,41145196,79266,24069,
Transport,16,guided,1000,17520237960,40687090,79809,24336,
Transport,16,guided,1000,17520237960,41014950,78408,24413,
Transport,16,guided,1000,17520237960,41341276,78169,25109,
Transport,16,guided,1000,17520237957,41681041,79586,24908,
Transport,16,guided,10000,17520237968,41061243,77667,24075,
Transport,16,guided,10000,17520237957,41313296,77701,24587,
Transport,16,guided,10000,17520237968,40734303,80328,24148,
Transport,16,guided,10000,17520237969,40767619,79170,23777,
Transport,16,guided,10000,17520237967,40901200,79687,24332,
Transport,32,static,100,17520237639,41146940,80134,24429,
Transport,32,static,100,17520237642,41251872,80436,24200,
Transport,32,static,100,17520237643,42180417,80266,23971,
Transport,32,static,100,17520237642,40486193,77428,24182,
Transport,32,static,100,17520237642,40485161,76852,24130,
Transport,32,static,1000,17520237633,40168761,81553,23948,
Transport,32,static,1000,17520237637,42421489,75951,24576,
Transport,32,static,1000,17520237635,41849203,80445,25194,
Transport,32,static,1000,17520237636,40535919,78342,24783,
Transport,32,static,1000,17520237634,41560543,79177,24985,
Transport,32,static,10000,17520237643,40486836,79688,23717,
Transport,32,static,10000,17520237642,41216526,77329,23907,
Transport,32,static,10000,17520237644,40645305,79269,23527,
Transport,32,static,10000,17520237641,41088857,78056,24144,
Transport,32,static,10000,17520237640,40468248,79033,23657,
Transport,32,dynamic,100,17520237965,40261619,79057,24218,
Transport,32,dynamic,100,17520237960,40825409,77502,24031,
Transport,32,dynamic,100,17520237962,42551912,79246,24214,
Transport,32,dynamic,100,17520237961,41581588,76924,24368,
Transport,32,dynamic,100,17520237964,40985158,76414,23641,
Transport,32,dynamic,1000,17520237954,40152303,78312,24265,
Transport,32,dynamic,1000,17520237956,39938771,79547,24617,
Transport,32,dynamic,1000,17520237955,39972346,80911,24672,
Transport,32,dynamic,1000,17520237956,40062165,80761,24423,
Transport,32,dynamic,1000,17520237953,40470936,80370,24817,
Transport,32,dynamic,10000,17520237963,40524417,75700,23918,
Transport,32,dynamic,10000,17520237966,40109753,80424,24100,
Transport,32,dynamic,10000,17520237966,40313499,75144,23894,
Transport,32,dynamic,10000,17520237963,40840197,79702,23844,
Transport,32,dynamic,10000,17520237963,40898993,78132,23736,
Transport,32,guided,100,17520237962,40588754,79827,24507,
Transport,32,guided,100,17520237967,41283449,78239,24063,
Transport,32,guided,100,17520237961,40340871,79079,24190,
Transport,32,guided,100,17520237965,40571220,76089,24559,
Transport,32,guided,100,17520237966,40304206,80542,24298,
Transport,32,guided,1000,17520237960,41908707,77987,24073,
Transport,32,guided,1000,17520237959,41379430,79181,25144,
Transport,32,guided,1000,17520237958,40571521,80455,24463,
Transport,32,guided,1000,17520237959,40544841,79042,24447,
Transport,32,guided,1000,17520237960,41227581,78917,24588,
Transport,32,guided,10000,17520237961,40795619,78593,24668,
Transport,32,guided,10000,17520237960,40920929,79039,24826,
Transport,32,guided,10000,17520237961,40199681,79867,24718,
Transport,32,guided,10000,17520237959,40803417,77079,24840,
Transport,32,guided,10000,17520237960,41344821,77591,24295,
Transport,64,static,100,17520237638,40620502,79144,24168,
Transport,64,static,100,17520237641,40761154,76509,23822,
Transport,64,static,100,17520237642,40415258,79870,24165,
Transport,64,static,100,17520237638,41320059,77958,23502,
Transport,64,static,100,17520237639,41010217,79312,24417,
Transport,64,static,1000,17520237642,40179468,79439,23886,
Transport,64,static,1000,17520237641,40410635,79678,24628,
Transport,64,static,1000,17520237642,39802731,79365,23732,
Transport,64,static,1000,17520237643,39915867,76391,23853,
Transport,64,static,1000,17520237640,40738148,77795,24533,
Transport,64,static,10000,17520237635,40704283,79624,23688,
Transport,64,static,10000,17520237632,41535751,78136,25480,
Transport,64,static,10000,17520237636,40612199,80551,25029,
Transport,64,static,10000,17520237637,40517662,79635,24537,
Transport,64,static,10000,17520237637,40681887,79201,24416,
Transport,64,dynamic,100,17520237964,41211666,78891,24211,
Transport,64,dynamic,100,17520237962,40593502,79763,23500,
Transport,64,dynamic,100,17520237962,41182645,77696,23826,
Transport,64,dynamic,100,17520237963,40345847,79257,23790,
Transport,64,dynamic,100,17520237963,40862899,77534,23871,
Transport,64,dynamic,1000,17520237964,41423316,77494,24478,
Transport,64,dynamic,1000,17520237965,40251625,79384,23972,
Transport,64,dynamic,1000,17520237964,39911678,79300,24213,
Transport,64,dynamic,1000,17520237965,40475644,78928,24174,
Transport,64,dynamic,1000,17520237964,40365482,79147,24347,
Transport,64,dynamic,10000,17520237957,41277547,77818,24222,
Transport,64,dynamic,10000,17520237957,40253734,81721,25280,
Transport,64,dynamic,10000,17520237958,39880585,80741,24714,
Transport,64,dynamic,10000,17520237958,41687204,78808,24599,
Transport,64,dynamic,10000,17520237959,40799890,82316,24804,
Transport,64,guided,100,17520237965,40696505,80313,24250,
Transport,64,guided,100,17520237966,40577389,79546,24389,
Transport,64,guided,100,17520237965,40482102,78594,23794,
Transport,64,guided,100,17520237956,40614911,78767,24835,
Transport,64,guided,100,17520237966,40350365,80861,24132,
Transport,64,guided,1000,17520237967,40653097,78185,24625,
Transport,64,guided,1000,17520237967,40404962,79907,24010,
Transport,64,guided,1000,17520237967,40366723,79289,24053,
Transport,64,guided,1000,17520237967,40969425,80134,24196,
Transport,64,guided,1000,17520237968,41924150,79627,24224,
Transport,64,guided,10000,17520237961,41011007,78763,24318,
Transport,64,guided,10000,17520237960,40725051,79709,24688,
Transport,64,guided,10000,17520237956,40184569,80297,24022,
Transport,64,guided,10000,17520237961,41639347,78457,24814,
Transport,64,guided,10000,17520237958,40757187,80741,25082,
cage14,1,static,100,18733311532,65237536,1076103,541078,
cage14,1,static,100,18733311526,65926595,1074258,549055,
cage14,1,static,100,18733311528,65267169,1078435,541528,
cage14,1,static,100,18733311532,65613836,1075774,543058,
cage14,1,static,100,18733311525,65480870,1079733,547405,
cage14,2,static,100,18733311530,65317285,1078904,550972,
cage14,2,static,100,18733311532,65693151,1078480,545538,
cage14,2,static,100,18733311527,64518390,1081084,549076,
cage14,2,static,100,18733311526,65093835,1082772,549093,
cage14,2,static,100,18733311531,65090640,1080094,544127,
cage14,2,static,1000,18733311525,65672610,1081707,550737,
cage14,2,static,1000,18733311525,65514192,1078816,548388,
cage14,2,static,1000,18733311524,65549504,1079828,549532,
cage14,2,static,1000,18733311526,65214786,1084273,552842,
cage14,2,static,1000,18733311521,65717264,1079428,549726,
cage14,2,static,10000,18733311533,64719064,1083534,548106,
cage14,2,static,10000,18733311532,65475631,1078117,549863,
cage14,2,static,10000,18733311531,64585051,1078753,550995,
cage14,2,static,10000,18733311526,64879716,1081182,544837,
cage14,2,static,10000,18733311533,65284431,1077955,544744,
cage14,2,dynamic,100,18733311851,64778198,1077319,547321,
cage14,2,dynamic,100,18733311850,64978827,1082495,548489,
cage14,2,dynamic,100,18733311850,65018992,1081628,548480,
cage14,2,dynamic,100,18733311853,65088273,1081509,548899,
cage14,2,dynamic,100,18733311851,65003916,1080112,542402,
cage14,2,dynamic,1000,18733311845,64478397,1082703,548181,
cage14,2,dynamic,1000,18733311845,66035529,1078103,544195,
cage14,2,dynamic,1000,18733311845,64565843,1083970,552179,
cage14,2,dynamic,1000,18733311842,64614557,1083841,548393,
cage14,2,dynamic,1000,18733311844,65379344,1081430,541658,
cage14,2,dynamic,10000,18733311854,65707157,1075042,546213,
cage14,2,dynamic,10000,18733311856,64557814,1080489,551980,
cage14,2,dynamic,10000,18733311854,65544504,1078767,546582,
cage14,2,dynamic,10000,18733311846,65741683,1081707,542042,
cage14,2,dynamic,10000,18733311848,66748729,1084464,550529,
cage14,2,guided,100,18733311851,65347136,1079732,541827,
cage14,2,guided,100,18733311854,65604168,1075507,542001,
cage14,2,guided,100,18733311853,65667837,1080210,546161,
cage14,2,guided,100,18733311856,65402233,1079475,545508,
cage14,2,guided,100,18733311856,64864429,1082050,548624,
cage14,2,guided,1000,18733311855,65426152,1083731,545929,
cage14,2,guided,1000,18733311854,65345095,1075450,546378,
cage14,2,guided,1000,18733311854,66128651,1082446,548022,
cage14,2,guided,1000,18733311854,66255758,1081291,549422,
cage14,2,guided,1000,18733311852,65382806,1081292,544828,
cage14,2,guided,10000,18733311851,65437121,1085271,550276,
cage14,2,guided,10000,18733311849,66085888,1079845,549266,
cage14,2,guided,10000,18733311849,65194722,1080972,547258,
cage14,2,guided,10000,18733311845,65796530,1080449,546038,
cage14,2,guided,10000,18733311855,65280607,1082430,540762,
cage14,4,static,100,18733311523,65974064,1082378,549400,
cage14,4,static,100,18733311523,64445345,1083259,544779,
cage14,4,static,100,18733311523,64847442,1082282,547731,
cage14,4,static,100,18733311522,65729647,1082020,545328,
cage14,4,static,100,18733311522,65458378,1079050,549872,
cage14,4,static,1000,18733311531,65216550,1077170,541597,
cage14,4,static,1000,18733311532,66293947,1078197,546810,
cage14,4,static,1000,18733311531,64776655,1083450,544804,
cage14,4,static,1000,18733311529,65374185,1081319,558431,
cage14,4,static,1000,18733311531,65083787,1079421,545612,
cage14,4,static,10000,18733311533,65928461,1081494,549831,
cage14,4,static,10000,18733311530,66350574,1084169,546663,
cage14,4,static,10000,18733311531,64630002,1082507,549822,
cage14,4,static,10000,18733311532,64903554,1082898,547906,
cage14,4,static,10000,18733311532,65751501,1082473,549519,
cage14,4,dynamic,100,18733311843,65462411,1079875,547562,
cage14,4,dynamic,100,18733311844,64620041,1081123,543887,
cage14,4,dynamic,100,18733311846,65482297,1081204,546018,
cage14,4,dynamic,100,18733311845,65002258,1083041,543998,
cage14,4,dynamic,100,18733311845,65863710,1080997,552053,
cage14,4,dynamic,1000,18733311854,65403194,1082568,548662,
cage14,4,dynamic,1000,18733311852,64970822,1079918,548012,
cage14,4,dynamic,1000,18733311855,65720237,1074618,551457,
cage14,4,dynamic,1000,18733311851,65113693,1076894,544417,
cage14,4,dynamic,1000,18733311853,65442286,1077793,541879,
cage14,4,dynamic,10000,18733311850,65789352,1081627,544607,
cage14,4,dynamic,10000,18733311854,64659264,1080714,544489,
cage14,4,dynamic,10000,18733311855,65347395,1082560,548210,
cage14,4,dynamic,10000,18733311854,65756612,1081244,549057,
cage14,4,dynamic,10000,18733311848,65228019,1081639,542900,
cage14,4,guided,100,18733311855,64594610,1080952,542779,
cage14,4,guided,100,18733311854,65626948,1081781,547847,
cage14,4,guided,100,18733311856,65063123,1082776,548639,
cage14,4,guided,100,18733311854,65531242,1080895,546202,
cage14,4,guided,100,18733311850,65031333,1081804,546567,
cage14,4,guided,1000,18733311848,65573056,1081566,551579,
cage14,4,guided,1000,18733311842,66357662,1080023,554568,
cage14,4,guided,1000,18733311848,65084078,1082272,550397,
cage14,4,guided,1000,18733311848,65319218,1083358,551107,
cage14,4,guided,1000,18733311848,65678153,1080570,549961,
cage14,4,guided,10000,18733311856,65553067,1079562,547675,
cage14,4,guided,10000,18733311857,65208424,1081340,550531,
cage14,4,guided,10000,18733311858,65682929,1080061,543329,
cage14,4,guided,10000,18733311854,65105425,1080009,543763,
cage14,4,guided,10000,18733311857,64922670,1079864,543978,
cage14,8,static,100,18733311528,65343052,1078439,548359,
cage14,8,static,100,18733311532,65183209,1080370,546957,
cage14,8,static,100,18733311529,65236499,1082063,541167,
cage14,8,static,100,18733311530,65688507,1081827,550922,
cage14,8,static,100,18733311532,65727795,1081911,552950,
cage14,8,static,1000,18733311521,64521405,1084285,545614,
cage14,8,static,1000,18733311523,65822966,1082239,541269,
cage14,8,static,1000,18733311524,66521608,1079137,549335,
cage14,8,static,1000,18733311523,65564024,1080957,542839,
cage14,8,static,1000,18733311521,65519182,1078862,550061,
cage14,8,static,10000,18733311532,65399571,1081004,548722,
cage14,8,static,10000,18733311533,65474618,1080209,545177,
cage14,8,static,10000,18733311535,65050234,1079620,551061,
cage14,8,static,10000,18733311534,65651973,1079460,547349,
cage14,8,static,10000,18733311532,64881094,1077579,544838,
cage14,8,dynamic,100,18733311853,66057893,1080474,544561,
cage14,8,dynamic,100,18733311852,65524212,1079895,540477,
cage14,8,dynamic,100,18733311855,65768917,1076674,546670,
cage14,8,dynamic,100,18733311852,65700778,1080743,550651,
cage14,8,dynamic,100,18733311853,65495545,1080853,551371,
cage14,8,dynamic,1000,18733311846,65096914,1081646,551352,
cage14,8,dynamic,1000,18733311845,65410564,1083928,549043,
cage14,8,dynamic,1000,18733311846,64991619,1084334,547340,
cage14,8,dynamic,1000,18733311844,66234486,1080297,548211,
cage14,8,dynamic,1000,18733311844,65492013,1080668,552195,
cage14,8,dynamic,10000,18733311852,64495513,1076724,543920,
cage14,8,dynamic,10000,18733311855,65334907,1078458,548890,
cage14,8,dynamic,10000,18733311852,64755278,1083490,546637,
cage14,8,dynamic,10000,18733311848,65631431,1077731,547783,
cage14,8,dynamic,10000,18733311853,64709408,1079048,543589,
cage14,8,guided,100,18733311848,64483993,1084344,548451,
cage14,8,guided,100,18733311857,64901364,1081142,549367,
cage14,8,guided,100,18733311853,65416342,1079420,547419,
cage14,8,guided,100,18733311856,65597600,1074347,544733,
cage14,8,guided,100,18733311854,65285304,1080986,546952,
cage14,8,guided,1000,18733311848,65279358,1078877,549154,
cage14,8,guided,1000,18733311848,65054583,1080318,545711,
cage14,8,guided,1000,18733311846,65651920,1077437,549400,
cage14,8,guided,1000,18733311849,65972383,1077241,549797,
cage14,8,guided,1000,18733311850,64790166,1083609,541152,
cage14,8,guided,10000,18733311855,65950917,1077290,533145,
cage14,8,guided,10000,18733311857,65892286,1078808,549470,
cage14,8,guided,10000,18733311857,65598073,1081405,540456,
cage14,8,guided,10000,18733311854,65179392,1076756,545958,
cage14,8,guided,10000,18733311858,65278495,1080866,540311,
cage14,16,static,100,18733311531,65741140,1080723,546576,
cage14,16,static,100,18733311533,65046250,1079324,550378,
cage14,16,static,100,18733311530,65268855,1081436,545902,
cage14,16,static,100,18733311528,64690463,1080674,546236,
cage14,16,static,100,18733311532,64503403,1078407,547087,
cage14,16,static,1000,18733311526,64632557,1079598,550996,
cage14,16,static,1000,18733311526,65711170,1077143,549324,
cage14,16,static,1000,18733311524,65268108,1078660,550636,
cage14,16,static,1000,18733311523,64592679,1083131,551049,
cage14,16,static,1000,18733311526,65320528,1082298,546852,
cage14,16,static,10000,18733311535,65555004,1077693,543088,
cage14,16,static,10000,18733311532,64996656,1080844,544950,
cage14,16,static,10000,18733311533,64989489,1079251,550248,
cage14,16,static,10000,18733311533,64909148,1076064,545208,
cage14,16,static,10000,18733311535,65201935,1080648,539863,
cage14,16,dynamic,100,18733311852,64631504,1084474,542432,
cage14,16,dynamic,100,18733311855,65442621,1080654,547445,
cage14,16,dynamic,100,18733311854,65992466,1078714,543179,
cage14,16,dynamic,100,18733311853,65633603,1081319,545460,
cage14,16,dynamic,100,18733311852,65259225,1080044,547382,
cage14,16,dynamic,1000,18733311847,65473258,1082489,545815,
cage14,16,dynamic,1000,18733311846,65736652,1083703,543102,
cage14,16,dynamic,1000,18733311847,65544874,1082453,548785,
cage14,16,dynamic,1000,18733311846,66000464,1077875,546447,
cage14,16,dynamic,1000,18733311846,65011260,1083095,544228,
cage14,16,dynamic,10000,18733311855,65159025,1076073,545799,
cage14,16,dynamic,10000,18733311852,65013257,1080233,549331,
cage14,16,dynamic,10000,18733311855,65629423,1078866,545702,
cage14,16,dynamic,10000,18733311855,65216427,1078164,544920,
cage14,16,dynamic,10000,18733311856,65444563,1082381,545198,
cage14,16,guided,100,18733311854,64439114,1077026,550254,
cage14,16,guided,100,18733311857,65644394,1081321,549038,
cage14,16,guided,100,18733311857,64738409,1078773,541736,
cage14,16,guided,100,18733311858,66179366,1081818,548792,
cage14,16,guided,100,18733311855,65640075,1079218,545121,
cage14,16,guided,1000,18733311847,65124733,1076596,545104,
cage14,16,guided,1000,18733311850,65269578,1080648,550735,
cage14,16,guided,1000,18733311851,65480724,1082553,548522,
cage14,16,guided,1000,18733311849,65494789,1080193,547885,
cage14,16,guided,1000,18733311848,65150830,1083165,551612,
cage14,16,guided,10000,18733311859,65271628,1078712,548811,
cage14,16,guided,10000,18733311856,64818087,1080100,541591,
cage14,16,guided,10000,18733311858,64598360,1077825,537821,
cage14,16,guided,10000,18733311857,65604704,1071958,546620,
cage14,16,guided,10000,18733311857,65681100,1074508,534733,
cage14,32,static,100,18733311531,66359164,1079908,547493,
cage14,32,static,100,18733311531,65553271,1081132,543187,
cage14,32,static,100,18733311529,66119971,1081391,548742,
cage14,32,static,100,18733311529,64818943,1080077,544957,
cage14,32,static,100,18733311532,65269286,1081560,547353,
cage14,32,static,1000,18733311524,65523497,1080383,543872,
cage14,32,static,1000,18733311526,65103486,1079727,551141,
cage14,32,static,1000,18733311526,64911760,1081745,544384,
cage14,32,static,1000,18733311526,64607663,1079851,546806,
cage14,32,static,1000,18733311526,65916722,1079473,548617,
cage14,32,static,10000,18733311533,65198071,1076907,541363,
cage14,32,static,10000,18733311532,64828572,1077715,547042,
cage14,32,static,10000,18733311531,64963550,1079990,539892,
cage14,32,static,10000,18733311535,65516175,1078273,549770,
cage14,32,static,10000,18733311535,64846632,1080358,550967,
cage14,32,dynamic,100,18733311850,65619849,1083685,546206,
cage14,32,dynamic,100,18733311852,65252012,1080930,550881,
cage14,32,dynamic,100,18733311853,64635649,1082598,544320,
cage14,32,dynamic,100,18733311854,65062651,1084833,551366,
cage14,32,dynamic,100,18733311851,65382353,1079275,548474,
cage14,32,dynamic,1000,18733311846,65897525,1081002,544997,
cage14,32,dynamic,1000,18733311846,66665073,1078224,549216,
cage14,32,dynamic,1000,18733311847,64966976,1081833,550986,
cage14,32,dynamic,1000,18733311847,64636090,1083586,550413,
cage14,32,dynamic,1000,18733311845,65947208,1078308,547511,
cage14,32,dynamic,10000,18733311848,64639109,1080837,550404,
cage14,32,dynamic,10000,18733311855,65313884,1080676,540959,
cage14,32,dynamic,10000,18733311855,64749950,1079816,547268,
cage14,32,dynamic,10000,18733311855,64603635,1084109,544692,
cage14,32,dynamic,10000,18733311855,64925833,1077076,549945,
cage14,32,guided,100,18733311855,64535814,1083102,540404,
cage14,32,guided,100,18733311855,65213533,1082770,546222,
cage14,32,guided,100,18733311854,64602496,1080555,550420,
cage14,32,guided,100,18733311854,64990801,1083081,547508,
cage14,32,guided,100,18733311854,65162748,1079404,548470,
cage14,32,guided,1000,18733311847,65239151,1081214,549546,
cage14,32,guided,1000,18733311843,64377174,1080126,542839,
cage14,32,guided,1000,18733311850,65768157,1079714,543010,
cage14,32,guided,1000,18733311849,65537289,1079668,550485,
cage14,32,guided,1000,18733311848,65310404,1082174,551059,
cage14,32,guided,10000,18733311858,65932837,1075355,541373,
cage14,32,guided,10000,18733311858,65141755,1078215,541615,
cage14,32,guided,10000,18733311857,65457856,1078611,545108,
cage14,32,guided,10000,18733311858,65295582,1078435,543047,
cage14,32,guided,10000,18733311860,65052033,1077542,544598,
cage14,64,static,100,18733311532,65396830,1078578,551280,
cage14,64,static,100,18733311530,65415199,1082327,543919,
cage14,64,static,100,18733311532,65179001,1078476,548293,
cage14,64,static,100,18733311533,64705020,1080738,546816,
cage14,64,static,100,18733311532,64929593,1082184,544946,
cage14,64,static,1000,18733311523,64911183,1081815,542339,
cage14,64,static,1000,18733311525,65654661,1082623,547976,
cage14,64,static,1000,18733311526,65689398,1082532,548470,
cage14,64,static,1000,18733311526,66385022,1081372,546925,
cage14,64,static,1000,18733311525,65541438,1082115,547082,
cage14,64,static,10000,18733311534,65068223,1079775,553361,
cage14,64,static,10000,18733311530,65734101,1077596,551224,
cage14,64,static,10000,18733311529,65436563,1077910,549965,
cage14,64,static,10000,18733311534,65357094,1080743,538326,
cage14,64,static,10000,18733311534,64758673,1080566,549014,
cage14,64,dynamic,100,18733311853,64895981,1082483,549796,
cage14,64,dynamic,100,18733311853,65612907,1080663,549513,
cage14,64,dynamic,100,18733311846,66005321,1081284,546693,
cage14,64,dynamic,100,18733311852,65537422,1079240,546685,
cage14,64,dynamic,100,18733311852,65157617,1080414,545821,
cage14,64,dynamic,1000,18733311845,67287848,1079620,547398,
cage14,64,dynamic,1000,18733311844,65476944,1080728,549520,
cage14,64,dynamic,1000,18733311844,65955666,1082063,551189,
cage14,64,dynamic,1000,18733311848,65142595,1081418,545838,
cage14,64,dynamic,1000,18733311847,65410149,1078721,548852,
cage14,64,dynamic,10000,18733311856,65964694,1077610,546703,
cage14,64,dynamic,10000,18733311854,64770834,1077008,544446,
cage14,64,dynamic,10000,18733311853,65852311,1079931,548913,
cage14,64,dynamic,10000,18733311853,65282907,1083251,543625,
cage14,64,dynamic,10000,18733311853,65624912,1079148,550187,
cage14,64,guided,100,18733311855,65190673,1080082,548956,
cage14,64,guided,100,18733311854,65269572,1082510,546682,
cage14,64,guided,100,18733311852,65545232,1077374,547886,
cage14,64,guided,100,18733311855,64434001,1081332,542143,
cage14,64,guided,100,18733311855,65050020,1082468,553134,
cage14,64,guided,1000,18733311850,65556573,1080690,541441,
cage14,64,guided,1000,18733311850,65603030,1080594,547729,
cage14,64,guided,1000,18733311858,65753705,1081516,549524,
cage14,64,guided,1000,18733311848,65633415,1083402,551559,
cage14,64,guided,1000,18733311850,65358713,1082706,544511,
cage14,64,guided,10000,18733311857,65054036,1076507,546600,
cage14,64,guided,10000,18733311858,65329112,1080879,543245,
cage14,64,guided,10000,18733311859,65461338,1079813,548518,
cage14,64,guided,10000,18733311859,65658512,1079117,547685,
cage14,64,guided,10000,18733311858,65330443,1081847,542449,
torso1,1,static,100,6002831204,23744440,91020,74383,
torso1,1,static,100,6002831202,23764550,88268,71991,
torso1,1,static,100,6002831203,23721054,89550,72963,
torso1,1,static,100,6002831204,23776463,89385,72332,
torso1,1,static,100,6002831202,24464000,89134,72679,
torso1,2,static,100,6002831196,23816057,88627,72569,
torso1,2,static,100,6002831196,23821224,90455,73800,
torso1,2,static,100,6002831203,23814873,88552,73060,
torso1,2,static,100,6002831194,23833096,88828,73377,
torso1,2,static,100,6002831195,23820718,89869,73667,
torso1,2,static,1000,6002831204,23772044,90138,73685,
torso1,2,static,1000,6002831204,23868661,87501,71983,
torso1,2,static,1000,6002831204,23868712,88764,72501,
torso1,2,static,1000,6002831203,23782009,88780,71859,
torso1,2,static,1000,6002831204,23947274,90334,73841,
torso1,2,static,10000,6002831205,23793245,89692,72091,
torso1,2,static,10000,6002831205,23798190,89109,72394,
torso1,2,static,10000,6002831206,23807966,88990,72288,
torso1,2,static,10000,6002831205,24015450,89223,73245,
torso1,2,static,10000,6002831203,23832645,91231,73623,
torso1,2,dynamic,100,6002831517,23949676,91088,73367,
torso1,2,dynamic,100,6002831517,23789478,90042,73126,
torso1,2,dynamic,100,6002831521,23874957,90569,73439,
torso1,2,dynamic,100,6002831516,23805876,90517,74164,
torso1,2,dynamic,100,6002831517,23768988,88519,73243,
torso1,2,dynamic,1000,6002831523,23884639,89207,72501,
torso1,2,dynamic,1000,6002831526,25087532,89254,72157,
torso1,2,dynamic,1000,6002831525,23820304,88863,71794,
torso1,2,dynamic,1000,6002831526,23964004,89386,72727,
torso1,2,dynamic,1000,6002831524,23781276,90107,72836,
torso1,2,dynamic,10000,6002831526,23962850,88534,72450,
torso1,2,dynamic,10000,6002831525,23808679,90692,72821,
torso1,2,dynamic,10000,6002831527,23792613,90025,73339,
torso1,2,dynamic,10000,6002831527,23765436,88851,71902,
torso1,2,dynamic,10000,6002831527,23911342,89196,72673,
torso1,2,guided,100,6002831521,23688516,89273,72544,
torso1,2,guided,100,6002831520,23774665,89372,72683,
torso1,2,guided,100,6002831518,24190508,91224,74560,
torso1,2,guided,100,6002831520,23886846,90512,73941,
torso1,2,guided,100,6002831520,23887083,89512,73234,
torso1,2,guided,1000,6002831527,23837250,89330,71995,
torso1,2,guided,1000,6002831527,23882565,89092,72435,
torso1,2,guided,1000,6002831528,23809926,88016,71986,
torso1,2,guided,1000,6002831529,23818238,88893,72159,
torso1,2,guided,1000,6002831528,23826820,89544,72755,
torso1,2,guided,10000,6002831530,23870138,88541,71859,
torso1,2,guided,10000,6002831530,23766071,89232,72062,
torso1,2,guided,10000,6002831528,23736418,91007,73673,
torso1,2,guided,10000,6002831529,23850646,90487,73437,
torso1,2,guided,10000,6002831529,24135621,87900,72250,
torso1,4,static,100,6002831194,23673974,89583,72831,
torso1,4,static,100,6002831196,23887439,88105,72531,
torso1,4,static,100,6002831196,23781124,89498,73846,
torso1,4,static,100,6002831196,23844285,88708,73015,
torso1,4,static,100,6002831196,23751155,89485,73143,
torso1,4,static,1000,6002831203,23723659,88386,71983,
torso1,4,static,1000,6002831204,24185003,89170,72820,
torso1,4,static,1000,6002831203,23865446,89371,72582,
torso1,4,static,1000,6002831203,23748633,88815,72241,
torso1,4,static,1000,6002831204,23819947,89258,72198,
torso1,4,static,10000,6002831206,23765341,89326,72888,
torso1,4,static,10000,6002831205,23887633,88129,72187,
torso1,4,static,10000,6002831204,23897699,89673,73093,
torso1,4,static,10000,6002831206,24106132,89137,73086,
torso1,4,static,10000,6002831206,23722491,90633,73044,
torso1,4,dynamic,100,6002831515,24004179,89576,72326,
torso1,4,dynamic,100,6002831516,23902602,88890,72912,
torso1,4,dynamic,100,6002831517,23776457,89970,73134,
torso1,4,dynamic,100,6002831517,23682861,89194,72494,
torso1,4,dynamic,100,6002831517,23728298,90961,73572,
torso1,4,dynamic,1000,6002831524,23811402,90328,73120,
torso1,4,dynamic,1000,6002831524,23654389,88898,72089,
torso1,4,dynamic,1000,6002831526,23859807,91032,73287,
torso1,4,dynamic,1000,6002831524,23837588,89175,72209,
torso1,4,dynamic,1000,6002831526,23761283,89821,73004,
torso1,4,dynamic,10000,6002831526,23665627,89615,73805,
torso1,4,dynamic,10000,6002831526,23806715,89660,72940,
torso1,4,dynamic,10000,6002831526,23935308,88115,72157,
torso1,4,dynamic,10000,6002831526,23937067,90157,72949,
torso1,4,dynamic,10000,6002831526,23963155,88716,72933,
torso1,4,guided,100,6002831519,24088097,88151,72294,
torso1,4,guided,100,6002831520,24414663,89407,73502,
torso1,4,guided,100,6002831519,23902162,90839,73366,
torso1,4,guided,100,6002831520,24015689,90112,73697,
torso1,4,guided,100,6002831519,23922134,88251,71243,
torso1,4,guided,1000,6002831521,23944062,90125,72960,
torso1,4,guided,1000,6002831526,23765679,88115,71778,
torso1,4,guided,1000,6002831529,24095639,88610,72894,
torso1,4,guided,1000,6002831528,23920701,90851,73896,
torso1,4,guided,1000,6002831528,23760750,89172,72495,
torso1,4,guided,10000,6002831531,23891465,89521,72940,
torso1,4,guided,10000,6002831531,23691510,89772,72369,
torso1,4,guided,10000,6002831530,23894478,89691,72716,
torso1,4,guided,10000,6002831528,23879265,89111,72528,
torso1,4,guided,10000,6002831529,23794145,89853,72624,
torso1,8,static,100,6002831195,23819500,89698,72378,
torso1,8,static,100,6002831196,24159579,90446,74068,
torso1,8,static,100,6002831196,24163465,90586,73569,
torso1,8,static,100,6002831195,23955067,88078,72617,
torso1,8,static,100,6002831194,24010939,88913,73297,
torso1,8,static,1000,6002831205,23764135,89297,72360,
torso1,8,static,1000,6002831204,23854341,89770,72594,
torso1,8,static,1000,6002831204,23813070,89107,72903,
torso1,8,static,1000,6002831204,23787435,90571,73105,
torso1,8,static,1000,6002831203,23774604,88844,72002,
torso1,8,static,10000,6002831205,23913999,88742,71820,
torso1,8,static,10000,6002831204,24017023,88027,72162,
torso1,8,static,10000,6002831205,23966150,89626,72850,
torso1,8,static,10000,6002831205,23671956,89460,72399,
torso1,8,static,10000,6002831204,23823926,88930,72075,
torso1,8,dynamic,100,6002831517,23856815,89260,73403,
torso1,8,dynamic,100,6002831517,24129514,89092,73157,
torso1,8,dynamic,100,6002831516,24238460,89469,73521,
torso1,8,dynamic,100,6002831517,23751086,90486,73462,
torso1,8,dynamic,100,6002831517,23822960,90063,73667,
torso1,8,dynamic,1000,6002831524,23869788,88374,72059,
torso1,8,dynamic,1000,6002831525,23778495,88900,72401,
torso1,8,dynamic,1000,6002831525,23891435,88387,72058,
torso1,8,dynamic,1000,6002831522,23926673,89855,72844,
torso1,8,dynamic,1000,6002831525,24162366,88667,72228,
torso1,8,dynamic,10000,6002831525,23821974,89937,72904,
torso1,8,dynamic,10000,6002831527,23907711,90257,73210,
torso1,8,dynamic,10000,6002831527,23840620,88840,72106,
torso1,8,dynamic,10000,6002831526,23999211,89279,72878,
torso1,8,dynamic,10000,6002831523,23866426,89031,72107,
torso1,8,guided,100,6002831521,23808958,89633,73542,
torso1,8,guided,100,6002831520,23743260,89476,73495,
torso1,8,guided,100,6002831521,23766238,90212,73364,
torso1,8,guided,100,6002831521,23805607,90104,73544,
torso1,8,guided,100,6002831519,23855997,90217,73853,
torso1,8,guided,1000,6002831528,23663509,88922,72286,
torso1,8,guided,1000,6002831529,23890387,90357,72959,
torso1,8,guided,1000,6002831528,23788341,89430,73050,
torso1,8,guided,1000,6002831526,23669857,89430,72364,
torso1,8,guided,1000,6002831527,24616320,88710,72661,
torso1,8,guided,10000,6002831530,23749686,89095,72486,
torso1,8,guided,10000,6002831529,23866010,89689,73019,
torso1,8,guided,10000,6002831528,24094850,88237,71792,
torso1,8,guided,10000,6002831528,23671669,89999,72945,
torso1,8,guided,10000,6002831529,23774240,90273,72813,
torso1,16,static,100,6002831197,23839457,89783,72673,
torso1,16,static,100,6002831197,24159511,88871,72960,
torso1,16,static,100,6002831197,23948047,89561,73447,
torso1,16,static,100,6002831194,23862939,90739,73798,
torso1,16,static,100,6002831197,23887040,89268,72498,
torso1,16,static,1000,6002831205,24092392,88185,71900,
torso1,16,static,1000,6002831205,23809150,89673,72369,
torso1,16,static,1000,6002831205,23799964,89160,72277,
torso1,16,static,1000,6002831204,23753761,90385,73122,
torso1,16,static,1000,6002831205,23864034,90122,72914,
torso1,16,static,10000,6002831207,23845540,89216,72153,
torso1,16,static,10000,6002831207,23891823,89098,72903,
torso1,16,static,10000,6002831205,23894878,88191,72670,
torso1,16,static,10000,6002831206,23904116,90717,73512,
torso1,16,static,10000,6002831207,23731868,89918,72780,
torso1,16,dynamic,100,6002831518,24161497,88479,72077,
torso1,16,dynamic,100,6002831517,23797414,88771,72445,
torso1,16,dynamic,100,6002831518,23969951,90718,73676,
torso1,16,dynamic,100,6002831518,23912861,89343,73799,
torso1,16,dynamic,100,6002831518,23812946,89386,72994,
torso1,16,dynamic,1000,6002831527,23760696,89082,72815,
torso1,16,dynamic,1000,6002831527,24011138,89020,72391,
torso1,16,dynamic,1000,6002831526,23870465,89639,72463,
torso1,16,dynamic,1000,6002831526,24156855,88887,72636,
torso1,16,dynamic,1000,6002831524,24084059,89796,73503,
torso1,16,dynamic,10000,6002831528,23644062,89810,73065,
torso1,16,dynamic,10000,6002831527,23847817,89643,72738,
torso1,16,dynamic,10000,6002831527,23732679,88809,72597,
torso1,16,dynamic,10000,6002831527,23901928,88508,72481,
torso1,16,dynamic,10000,6002831527,23848367,89227,72716,
torso1,16,guided,100,6002831520,24027791,89001,72572,
torso1,16,guided,100,6002831521,23681498,88261,72401,
torso1,16,guided,100,6002831522,23888199,90816,73955,
torso1,16,guided,100,6002831523,24164764,88976,73101,
torso1,16,guided,100,6002831521,23995203,88946,73282,
torso1,16,guided,1000,6002831529,23890424,87909,71821,
torso1,16,guided,1000,6002831526,23842660,88884,72346,
torso1,16,guided,1000,6002831528,24162624,89179,72613,
torso1,16,guided,1000,6002831529,24147549,88601,72664,
torso1,16,guided,1000,6002831530,23886778,89874,72486,
torso1,16,guided,10000,6002831528,23874687,90039,72896,
torso1,16,guided,10000,6002831526,23852792,88843,72790,
torso1,16,guided,10000,6002831530,23964897,89582,73518,
torso1,16,guided,10000,6002831531,23995374,89855,72756,
torso1,16,guided,10000,6002831529,24083279,88481,72252,
torso1,32,static,100,6002831197,23709615,89136,72699,
torso1,32,static,100,6002831197,23800375,90637,73957,
torso1,32,static,100,6002831196,24049257,90499,73736,
torso1,32,static,100,6002831196,24061794,90869,74265,
torso1,32,static,100,6002831203,23696371,89844,72602,
torso1,32,static,1000,6002831205,23953181,88680,72614,
torso1,32,static,1000,6002831206,23829286,89320,72696,
torso1,32,static,1000,6002831205,24064296,89388,72806,
torso1,32,static,1000,6002831206,23768906,89243,72291,
torso1,32,static,1000,6002831206,23955422,89431,72091,
torso1,32,static,10000,6002831205,23866065,88742,72470,
torso1,32,static,10000,6002831208,23902874,91236,73326,
torso1,32,static,10000,6002831203,23840699,89682,72465,
torso1,32,static,10000,6002831207,23899005,88973,72107,
torso1,32,static,10000,6002831204,23922493,88480,72416,
torso1,32,dynamic,100,6002831518,23889175,90025,73068,
torso1,32,dynamic,100,6002831517,23795611,89291,72942,
torso1,32,dynamic,100,6002831518,23955440,89870,73569,
torso1,32,dynamic,100,6002831519,23666407,90399,73149,
torso1,32,dynamic,100,6002831516,23888558,89173,73439,
torso1,32,dynamic,1000,6002831527,23967951,88187,72243,
torso1,32,dynamic,1000,6002831524,23885010,89159,72305,
torso1,32,dynamic,1000,6002831525,24119622,88664,72115,
torso1,32,dynamic,1000,6002831525,23764185,89429,72837,
torso1,32,dynamic,1000,6002831525,23897777,89158,72142,
torso1,32,dynamic,10000,6002831526,23853639,88740,72116,
torso1,32,dynamic,10000,6002831526,23892226,89595,72880,
torso1,32,dynamic,10000,6002831528,23848759,88885,72838,
torso1,32,dynamic,10000,6002831528,23849276,89433,72692,
torso1,32,dynamic,10000,6002831528,23840858,89194,71915,
torso1,32,guided,100,6002831521,23837733,89811,73501,
torso1,32,guided,100,6002831520,23979660,88203,73007,
torso1,32,guided,100,6002831521,24080831,90583,74112,
torso1,32,guided,100,6002831520,23733678,89144,73222,
torso1,32,guided,100,6002831519,24202256,88897,72918,
torso1,32,guided,1000,6002831530,23958960,89390,72477,
torso1,32,guided,1000,6002831529,23716153,90092,72501,
torso1,32,guided,1000,6002831530,23818251,89463,72313,
torso1,32,guided,1000,6002831529,23827653,88526,72088,
torso1,32,guided,1000,6002831527,24009818,88492,72670,
torso1,32,guided,10000,6002831531,23712337,89218,72933,
torso1,32,guided,10000,6002831529,23599519,89254,73086,
torso1,32,guided,10000,6002831531,23919180,90206,72882,
torso1,32,guided,10000,6002831531,23713990,90642,73452,
torso1,32,guided,10000,6002831530,23734818,90878,73590,
torso1,64,static,100,6002831197,23994995,89294,72681,
torso1,64,static,100,6002831197,23754776,91113,73841,
torso1,64,static,100,6002831196,23777179,88918,72684,
torso1,64,static,100,6002831197,24042220,88542,72915,
torso1,64,static,100,6002831197,23754131,89655,72691,
torso1,64,static,1000,6002831203,23890138,89879,73244,
torso1,64,static,1000,6002831203,23959714,89534,72877,
torso1,64,static,1000,6002831206,24015660,90550,73390,
torso1,64,static,1000,6002831205,23891083,90253,73466,
torso1,64,static,1000,6002831205,23888676,90479,73128,
torso1,64,static,10000,6002831206,23651456,89623,72690,
torso1,64,static,10000,6002831206,23859435,89293,72555,
torso1,64,static,10000,6002831206,23821635,89322,72590,
torso1,64,static,10000,6002831203,23914003,88992,72446,
torso1,64,static,10000,6002831207,23636794,89774,72734,
torso1,64,dynamic,100,6002831518,23921275,89515,73121,
torso1,64,dynamic,100,6002831519,23841636,89442,73325,
torso1,64,dynamic,100,6002831518,23908008,90587,74274,
torso1,64,dynamic,100,6002831517,23886823,87635,72327,
torso1,64,dynamic,100,6002831518,23972371,89917,73806,
torso1,64,dynamic,1000,6002831527,23817872,89815,73242,
torso1,64,dynamic,1000,6002831525,23979928,87661,71880,
torso1,64,dynamic,1000,6002831526,23984311,88948,72403,
torso1,64,dynamic,1000,6002831525,23929316,89397,72816,
torso1,64,dynamic,1000,6002831525,23937714,87465,71916,
torso1,64,dynamic,10000,6002831528,23678152,89970,72970,
torso1,64,dynamic,10000,6002831528,23766466,88814,72122,
torso1,64,dynamic,10000,6002831528,24116940,88670,72306,
torso1,64,dynamic,10000,6002831528,23816809,89089,72066,
torso1,64,dynamic,10000,6002831527,23785816,89741,72562,
torso1,64,guided,100,6002831521,24588115,88617,71971,
torso1,64,guided,100,6002831520,23895109,88831,73194,
torso1,64,guided,100,6002831521,23861714,90327,74521,
torso1,64,guided,100,6002831521,24228842,90277,73672,
torso1,64,guided,100,6002831521,23802989,89363,72608,
torso1,64,guided,1000,6002831528,24059742,89027,72575,
torso1,64,guided,1000,6002831529,23826757,89161,72470,
torso1,64,guided,1000,6002831530,23792357,88463,72224,
torso1,64,guided,1000,6002831530,23936582,88803,72102,
torso1,64,guided,1000,6002831529,23803301,89289,72757,
torso1,64,guided,10000,6002831531,23813937,89050,72344,
torso1,64,guided,10000,6002831530,23747268,89807,72694,
torso1,64,guided,10000,6002831531,24033915,89761,73160,
torso1,64,guided,10000,6002831528,23908208,90620,73287,
torso1,64,guided,10000,6002831530,23878143,88857,72983,
memchip,1,static,100,10637731380,22012319,466252,118320,
memchip,1,static,100,10637731380,21714802,464164,119106,
memchip,1,static,100,10637731378,21710120,462616,119737,
memchip,1,static,100,10637731379,21340312,464067,120425,
memchip,1,static,100,10637731379,21342893,465964,120441,
memchip,2,static,100,10637731379,22132666,463437,119644,
memchip,2,static,100,10637731378,22749160,462753,119400,
memchip,2,static,100,10637731379,21426653,464036,119622,
memchip,2,static,100,10637731380,20980638,462247,119012,
memchip,2,static,100,10637731376,21440211,463600,119065,
memchip,2,static,1000,10637731373,20980850,467015,119179,
memchip,2,static,1000,10637731373,21265600,463526,120659,
memchip,2,static,1000,10637731374,21448039,463910,119665,
memchip,2,static,1000,10637731373,21281211,465976,119588,
memchip,2,static,1000,10637731373,21096328,460822,119581,
memchip,2,static,10000,10637731380,21364563,464333,121271,
memchip,2,static,10000,10637731382,21468349,464726,119863,
memchip,2,static,10000,10637731381,21772946,462110,119810,
memchip,2,static,10000,10637731381,20930661,465611,119531,
memchip,2,static,10000,10637731381,21683594,460093,117687,
memchip,2,dynamic,100,10637731700,21078269,465497,118961,
memchip,2,dynamic,100,10637731699,21324390,460242,119651,
memchip,2,dynamic,100,10637731699,22306915,464872,120727,
memchip,2,dynamic,100,10637731701,22512993,463198,119968,
memchip,2,dynamic,100,10637731702,21000555,464025,118553,
memchip,2,dynamic,1000,10637731694,21423423,464621,119398,
memchip,2,dynamic,1000,10637731691,21846656,464157,119766,
memchip,2,dynamic,1000,10637731691,21764020,461243,118853,
memchip,2,dynamic,1000,10637731694,21980267,463705,119850,
memchip,2,dynamic,1000,10637731694,21213001,464192,119325,
memchip,2,dynamic,10000,10637731701,21759336,460503,119160,
memchip,2,dynamic,10000,10637731700,22196742,460597,118593,
memchip,2,dynamic,10000,10637731703,21316272,464292,120125,
memchip,2,dynamic,10000,10637731702,21619063,458802,119631,
memchip,2,dynamic,10000,10637731703,21838541,464524,118783,
memchip,2,guided,100,10637731703,21491683,465544,119856,
memchip,2,guided,100,10637731705,21273920,466153,119916,
memchip,2,guided,100,10637731703,21160510,463107,117981,
memchip,2,guided,100,10637731702,21348415,465497,120454,
memchip,2,guided,100,10637731704,21262392,464245,119559,
memchip,2,guided,1000,10637731696,22045608,457999,118420,
memchip,2,guided,1000,10637731696,21556728,463264,119672,
memchip,2,guided,1000,10637731696,21030810,464489,119449,
memchip,2,guided,1000,10637731697,21493292,464616,118415,
memchip,2,guided,1000,10637731694,20964145,463440,119427,
memchip,2,guided,10000,10637731705,21680457,464737,120128,
memchip,2,guided,10000,10637731704,21066726,465699,118594,
memchip,2,guided,10000,10637731705,21825145,463565,119245,
memchip,2,guided,10000,10637731706,21133626,462411,118980,
memchip,2,guided,10000,10637731705,21531216,463633,119012,
memchip,4,static,100,10637731378,20998197,463092,118614,
memchip,4,static,100,10637731378,21331566,465714,118096,
memchip,4,static,100,10637731377,22271258,461970,118167,
memchip,4,static,100,10637731378,21545201,462606,119066,
memchip,4,static,100,10637731378,21049207,463873,120619,
memchip,4,static,1000,10637731373,22031600,462331,118082,
memchip,4,static,1000,10637731371,21302374,463471,120038,
memchip,4,static,1000,10637731371,21647118,465317,120936,
memchip,4,static,1000,10637731372,21530669,462486,119065,
memchip,4,static,1000,10637731382,21829873,465253,117488,
memchip,4,static,10000,10637731381,21157073,461140,119107,
memchip,4,static,10000,10637731380,21320679,461067,119841,
memchip,4,static,10000,10637731381,21478838,462446,119172,
memchip,4,static,10000,10637731382,21423185,463340,119351,
memchip,4,static,10000,10637731381,21213577,463102,119445,
memchip,4,dynamic,100,10637731699,21732265,466200,119528,
memchip,4,dynamic,100,10637731700,21181242,464346,120955,
memchip,4,dynamic,100,10637731699,21199227,465313,119414,
memchip,4,dynamic,100,10637731700,21271988,464965,119503,
memchip,4,dynamic,100,10637731701,21808118,461751,119857,
memchip,4,dynamic,1000,10637731694,21085215,463387,119406,
memchip,4,dynamic,1000,10637731693,21173806,459778,120027,
memchip,4,dynamic,1000,10637731694,21488857,463296,119828,
memchip,4,dynamic,1000,10637731693,22209247,463791,120497,
memchip,4,dynamic,1000,10637731693,21241910,466943,120244,
memchip,4,dynamic,10000,10637731701,21683468,465900,118314,
memchip,4,dynamic,10000,10637731702,21969345,464151,119724,
memchip,4,dynamic,10000,10637731705,21892484,462868,119935,
memchip,4,dynamic,10000,10637731700,20942828,464959,118743,
memchip,4,dynamic,10000,10637731705,21176250,466934,119422,
memchip,4,guided,100,10637731702,21359998,463405,119822,
memchip,4,guided,100,10637731704,21582576,466640,119386,
memchip,4,guided,100,10637731702,21387941,459713,119098,
memchip,4,guided,100,10637731702,21455700,464363,119132,
memchip,4,guided,100,10637731702,21029495,462883,120023,
memchip,4,guided,1000,10637731697,21388787,466990,120210,
memchip,4,guided,1000,10637731698,21284713,464375,119939,
memchip,4,guided,1000,10637731697,22761327,466398,120484,
memchip,4,guided,1000,10637731696,21598080,464011,121283,
memchip,4,guided,1000,10637731697,21765350,460615,117586,
memchip,4,guided,10000,10637731704,21119216,467905,118881,
memchip,4,guided,10000,10637731699,21372113,463631,120438,
memchip,4,guided,10000,10637731698,21202692,464580,118577,
memchip,4,guided,10000,10637731698,21186196,460955,119211,
memchip,4,guided,10000,10637731698,21622712,462669,120006,
memchip,8,static,100,10637731379,21778988,459211,117647,
memchip,8,static,100,10637731380,21304868,460920,118961,
memchip,8,static,100,10637731381,21778304,462387,118692,
memchip,8,static,100,10637731379,21630775,458438,119189,
memchip,8,static,100,10637731380,21323547,462961,119668,
memchip,8,static,1000,10637731378,21336011,465957,120043,
memchip,8,static,1000,10637731380,21272641,464230,119204,
memchip,8,static,1000,10637731378,21293541,456592,118606,
memchip,8,static,1000,10637731381,21634370,462723,118870,
memchip,8,static,1000,10637731380,21458817,459649,119665,
memchip,8,static,10000,10637731373,21401801,463726,118656,
memchip,8,static,10000,10637731374,21039624,465273,120932,
memchip,8,static,10000,10637731373,21277126,465245,119414,
memchip,8,static,10000,10637731373,21120773,464332,119800,
memchip,8,static,10000,10637731375,21759414,458472,120585,
memchip,8,dynamic,100,10637731699,21806159,464915,119773,
memchip,8,dynamic,100,10637731701,21212788,462619,119214,
memchip,8,dynamic,100,10637731700,21494119,464814,118905,
memchip,8,dynamic,100,10637731699,21894188,460008,118093,
memchip,8,dynamic,100,10637731698,21029541,463604,119154,
memchip,8,dynamic,1000,10637731702,21159760,466544,119977,
memchip,8,dynamic,1000,10637731701,21505411,464411,119377,
memchip,8,dynamic,1000,10637731701,21538599,460662,121029,
memchip,8,dynamic,1000,10637731700,21386449,467028,120058,
memchip,8,dynamic,1000,10637731702,21758620,463957,118773,
memchip,8,dynamic,10000,10637731693,21569676,461871,119298,
memchip,8,dynamic,10000,10637731692,21808777,465514,121131,
memchip,8,dynamic,10000,10637731693,21347723,465371,120968,
memchip,8,dynamic,10000,10637731694,21706786,459462,120370,
memchip,8,dynamic,10000,10637731691,21260843,460180,119873,
memchip,8,guided,100,10637731704,21799017,462308,120216,
memchip,8,guided,100,10637731704,21449192,464577,119414,
memchip,8,guided,100,10637731704,21382301,461637,118434,
memchip,8,guided,100,10637731702,21444019,465036,117875,
memchip,8,guided,100,10637731704,21572733,464123,118260,
memchip,8,guided,1000,10637731701,21370822,458911,119624,
memchip,8,guided,1000,10637731702,22016977,463071,119983,
memchip,8,guided,1000,10637731705,21494956,464873,120858,
memchip,8,guided,1000,10637731705,21274887,467663,120760,
memchip,8,guided,1000,10637731704,21342781,466365,118112,
memchip,8,guided,10000,10637731697,21471607,464618,120963,
memchip,8,guided,10000,10637731701,22088343,465861,119581,
memchip,8,guided,10000,10637731698,21315391,465719,119272,
memchip,8,guided,10000,10637731698,21394550,458666,120293,
memchip,8,guided,10000,10637731706,21831561,457332,119121,
memchip,16,static,100,10637731380,21638750,460384,118173,
memchip,16,static,100,10637731381,22031036,460342,119496,
memchip,16,static,100,10637731381,21721797,461920,117704,
memchip,16,static,100,10637731381,21505420,457852,118657,
memchip,16,static,100,10637731379,21297279,464237,118960,
memchip,16,static,1000,10637731379,22280769,464786,118601,
memchip,16,static,1000,10637731381,21395622,461532,120026,
memchip,16,static,1000,10637731381,21368085,463826,119391,
memchip,16,static,1000,10637731383,21940170,464085,119202,
memchip,16,static,1000,10637731381,21575389,464600,119255,
memchip,16,static,10000,10637731373,21638117,461009,119913,
memchip,16,static,10000,10637731375,21312913,466338,120614,
memchip,16,static,10000,10637731370,21439451,466918,120744,
memchip,16,static,10000,10637731374,21283079,465268,119896,
memchip,16,static,10000,10637731375,21236484,463012,119067,
memchip,16,dynamic,100,10637731702,21064154,468944,119746,
memchip,16,dynamic,100,10637731703,21398801,466993,119407,
memchip,16,dynamic,100,10637731702,21625728,460537,117868,
memchip,16,dynamic,100,10637731699,21220852,463150,118740,
memchip,16,dynamic,100,10637731702,21265885,458404,118954,
memchip,16,dynamic,1000,10637731704,21407690,465994,120425,
memchip,16,dynamic,1000,10637731703,21597664,460541,119919,
memchip,16,dynamic,1000,10637731700,21125893,464364,119280,
memchip,16,dynamic,1000,10637731702,21167200,465606,120682,
memchip,16,dynamic,1000,10637731702,21218065,463825,119187,
memchip,16,dynamic,10000,10637731695,21485989,462651,119865,
memchip,16,dynamic,10000,10637731696,21354615,464648,120460,
memchip,16,dynamic,10000,10637731695,21209488,464632,120319,
memchip,16,dynamic,10000,10637731697,21212829,462451,120128,
memchip,16,dynamic,10000,10637731696,21112906,462693,119994,
memchip,16,guided,100,10637731704,21236427,460354,119867,
memchip,16,guided,100,10637731701,21430413,464149,118534,
memchip,16,guided,100,10637731704,21121804,460018,118924,
memchip,16,guided,100,10637731702,21545943,461450,119157,
memchip,16,guided,100,10637731705,21114497,466066,118564,
memchip,16,guided,1000,10637731704,21376589,463953,119314,
memchip,16,guided,1000,10637731705,21912567,460904,119716,
memchip,16,guided,1000,10637731705,21087746,466983,117582,
memchip,16,guided,1000,10637731706,21721959,462345,119865,
memchip,16,guided,1000,10637731703,21765865,460147,119049,
memchip,16,guided,10000,10637731699,21414852,464660,118904,
memchip,16,guided,10000,10637731695,21298371,467692,120774,
memchip,16,guided,10000,10637731707,21162967,457137,117754,
memchip,16,guided,10000,10637731707,21510523,460023,120093,
memchip,16,guided,10000,10637731706,21523602,460195,120020,
memchip,32,static,100,10637731372,21992794,459976,118630,
memchip,32,static,100,10637731373,21145946,464274,120126,
memchip,32,static,100,10637731373,21410772,467158,119519,
memchip,32,static,100,10637731372,21175128,463108,119246,
memchip,32,static,100,10637731372,21221884,464275,117987,
memchip,32,static,1000,10637731381,21674337,464926,121162,
memchip,32,static,1000,10637731380,21416131,465424,120546,
memchip,32,static,1000,10637731382,21120342,463930,119807,
memchip,32,static,1000,10637731379,21702415,464006,118312,
memchip,32,static,1000,10637731381,21354761,463051,119250,
memchip,32,static,10000,10637731382,21158814,465038,121269,
memchip,32,static,10000,10637731383,21411640,468015,119990,
memchip,32,static,10000,10637731383,21915928,461296,120308,
memchip,32,static,10000,10637731382,21756017,462559,118733,
memchip,32,static,10000,10637731381,21448387,461682,118356,
memchip,32,dynamic,100,10637731691,20918672,461499,118152,
memchip,32,dynamic,100,10637731693,21531615,464795,120704,
memchip,32,dynamic,100,10637731690,21875821,460700,119438,
memchip,32,dynamic,100,10637731694,21185917,463951,120177,
memchip,32,dynamic,100,10637731694,21403242,464842,120798,
memchip,32,dynamic,1000,10637731703,21282947,463360,120508,
memchip,32,dynamic,1000,10637731704,22107276,459712,119455,
memchip,32,dynamic,1000,10637731701,21720903,463854,120098,
memchip,32,dynamic,1000,10637731702,21515952,461455,119347,
memchip,32,dynamic,1000,10637731703,21165203,463593,119667,
memchip,32,dynamic,10000,10637731702,21141464,463925,119405,
memchip,32,dynamic,10000,10637731702,21454098,464545,118157,
memchip,32,dynamic,10000,10637731703,21809891,460225,118068,
memchip,32,dynamic,10000,10637731700,21473778,460280,120414,
memchip,32,dynamic,10000,10637731702,21525796,464703,119562,
memchip,32,guided,100,10637731695,22303301,463080,118998,
memchip,32,guided,100,10637731696,21730749,467684,119818,
memchip,32,guided,100,10637731696,21521034,467547,121144,
memchip,32,guided,100,10637731697,21773205,466167,120747,
memchip,32,guided,100,10637731697,21929532,462505,120574,
memchip,32,guided,1000,10637731706,21063047,462381,119088,
memchip,32,guided,1000,10637731705,21632402,460502,117882,
memchip,32,guided,1000,10637731704,21308720,463757,119478,
memchip,32,guided,1000,10637731706,21431231,462576,119264,
memchip,32,guided,1000,10637731704,21917427,463065,118962,
memchip,32,guided,10000,10637731705,21512550,465273,119647,
memchip,32,guided,10000,10637731707,21691389,463477,120555,
memchip,32,guided,10000,10637731706,20978839,461477,119846,
memchip,32,guided,10000,10637731705,21577802,459989,118271,
memchip,32,guided,10000,10637731705,21264625,468364,119743,
memchip,64,static,100,10637731372,21755872,460771,119927,
memchip,64,static,100,10637731371,21492156,464173,119799,
memchip,64,static,100,10637731372,21888032,459630,118709,
memchip,64,static,100,10637731373,22118248,461637,120388,
memchip,64,static,100,10637731373,22011943,458095,120723,
memchip,64,static,1000,10637731381,21512686,466443,119412,
memchip,64,static,1000,10637731382,21203409,459879,118981,
memchip,64,static,1000,10637731381,21475348,466282,120217,
memchip,64,static,1000,10637731381,21601758,463090,118069,
memchip,64,static,1000,10637731382,21497379,464006,118784,
memchip,64,static,10000,10637731383,21486814,463670,119529,
memchip,64,static,10000,10637731383,21472775,465178,119349,
memchip,64,static,10000,10637731382,21910322,462961,118660,
memchip,64,static,10000,10637731382,21049336,464817,118672,
memchip,64,static,10000,10637731380,21562625,465395,118122,
memchip,64,dynamic,100,10637731693,21688048,457080,120588,
memchip,64,dynamic,100,10637731692,21474408,464773,119736,
memchip,64,dynamic,100,10637731694,21541328,464084,120866,
memchip,64,dynamic,100,10637731693,21698207,464995,120639,
memchip,64,dynamic,100,10637731695,21554087,464517,118350,
memchip,64,dynamic,1000,10637731702,21494232,465331,118605,
memchip,64,dynamic,1000,10637731703,21002676,462949,119295,
memchip,64,dynamic,1000,10637731703,21595005,462173,118666,
memchip,64,dynamic,1000,10637731703,21030346,463241,119663,
memchip,64,dynamic,1000,10637731703,21526248,464667,119830,
memchip,64,dynamic,10000,10637731704,21713969,464120,119015,
memchip,64,dynamic,10000,10637731704,21404176,461139,118187,
memchip,64,dynamic,10000,10637731705,21615027,464987,119098,
memchip,64,dynamic,10000,10637731703,21276567,457897,118467,
memchip,64,dynamic,10000,10637731704,21755439,463402,117001,
memchip,64,guided,100,10637731702,21545497,466080,120225,
memchip,64,guided,100,10637731703,21318622,465769,120218,
memchip,64,guided,100,10637731702,21704650,457555,119420,
memchip,64,guided,100,10637731705,21406575,465801,118663,
memchip,64,guided,100,10637731705,21636121,465683,121445,
memchip,64,guided,1000,10637731697,20963791,464445,120226,
memchip,64,guided,1000,10637731698,21078026,465301,119161,
memchip,64,guided,1000,10637731698,21479938,464474,120618,
memchip,64,guided,1000,10637731697,21484933,464882,120375,
memchip,64,guided,1000,10637731699,21616381,464326,119093,
memchip,64,guided,10000,10637731703,21108659,463917,118657,
memchip,64,guided,10000,10637731705,21416073,464040,118771,
memchip,64,guided,10000,10637731707,21728060,461684,119444,
memchip,64,guided,10000,10637731707,21544398,463750,118469,
memchip,64,guided,10000,10637731704,21828574,463991,120886,
